{
  "fio version" : "fio-3.39",
  "timestamp" : 1784614679,
  "timestamp_ms" : 1784614679761,
  "time" : "Tue Jul 21 14:17:59 2026",
  "jobs" : [
    {
      "jobname" : "io_uring_smoke",
      "groupid" : 0,
      "job_start" : 1784614669517,
      "error" : 0,
      "eta" : 0,
      "elapsed" : 11,
      "job options" : {
        "name" : "io_uring_smoke",
        "filename" : "/mnt/nvme/fio-data/smoke.bin",
        "ioengine" : "io_uring",
        "direct" : "1",
        "rw" : "randread",
        "bs" : "4k",
        "iodepth" : "4",
        "size" : "1G",
        "runtime" : "10",
        "time_based" : "1",
        "group_reporting" : "1"
      },
      "read" : {
        "io_bytes" : 1068191744,
        "io_kbytes" : 1043156,
        "bw_bytes" : 106808493,
        "bw" : 104305,
        "iops" : 26076.292371,
        "runtime" : 10001,
        "total_ios" : 260789,
        "short_ios" : 0,
        "drop_ios" : 0,
        "slat_ns" : {
          "min" : 20222,
          "max" : 288691,
          "mean" : 26923.111999,
          "stddev" : 4152.518997,
          "N" : 260789
        },
        "clat_ns" : {
          "min" : 70242,
          "max" : 966018,
          "mean" : 124177.166280,
          "stddev" : 18091.739621,
          "N" : 260789,
          "percentile" : {
            "1.000000" : 83456,
            "5.000000" : 93696,
            "10.000000" : 101888,
            "20.000000" : 114176,
            "30.000000" : 121344,
            "40.000000" : 124416,
            "50.000000" : 126464,
            "60.000000" : 128512,
            "70.000000" : 132096,
            "80.000000" : 134144,
            "90.000000" : 138240,
            "95.000000" : 144384,
            "99.000000" : 156672,
            "99.500000" : 158720,
            "99.900000" : 183296,
            "99.950000" : 292864,
            "99.990000" : 684032
          }
        },
        "lat_ns" : {
          "min" : 91890,
          "max" : 987130,
          "mean" : 151100.278279,
          "stddev" : 17575.322761,
          "N" : 260789
        },
        "bw_min" : 102624,
        "bw_max" : 104864,
        "bw_agg" : 100.000000,
        "bw_mean" : 104315.600000,
        "bw_dev" : 569.941678,
        "bw_samples" : 20,
        "iops_min" : 25656,
        "iops_max" : 26216,
        "iops_mean" : 26078.900000,
        "iops_stddev" : 142.488374,
        "iops_samples" : 20
      },
      "write" : {
        "io_bytes" : 0,
        "io_kbytes" : 0,
        "bw_bytes" : 0,
        "bw" : 0,
        "iops" : 0.000000,
        "runtime" : 0,
        "total_ios" : 0,
        "short_ios" : 0,
        "drop_ios" : 0,
        "slat_ns" : {
          "min" : 0,
          "max" : 0,
          "mean" : 0.000000,
          "stddev" : 0.000000,
          "N" : 0
        },
        "clat_ns" : {
          "min" : 0,
          "max" : 0,
          "mean" : 0.000000,
          "stddev" : 0.000000,
          "N" : 0
        },
        "lat_ns" : {
          "min" : 0,
          "max" : 0,
          "mean" : 0.000000,
          "stddev" : 0.000000,
          "N" : 0
        },
        "bw_min" : 0,
        "bw_max" : 0,
        "bw_agg" : 0.000000,
        "bw_mean" : 0.000000,
        "bw_dev" : 0.000000,
        "bw_samples" : 0,
        "iops_min" : 0,
        "iops_max" : 0,
        "iops_mean" : 0.000000,
        "iops_stddev" : 0.000000,
        "iops_samples" : 0
      },
      "trim" : {
        "io_bytes" : 0,
        "io_kbytes" : 0,
        "bw_bytes" : 0,
        "bw" : 0,
        "iops" : 0.000000,
        "runtime" : 0,
        "total_ios" : 0,
        "short_ios" : 0,
        "drop_ios" : 0,
        "slat_ns" : {
          "min" : 0,
          "max" : 0,
          "mean" : 0.000000,
          "stddev" : 0.000000,
          "N" : 0
        },
        "clat_ns" : {
          "min" : 0,
          "max" : 0,
          "mean" : 0.000000,
          "stddev" : 0.000000,
          "N" : 0
        },
        "lat_ns" : {
          "min" : 0,
          "max" : 0,
          "mean" : 0.000000,
          "stddev" : 0.000000,
          "N" : 0
        },
        "bw_min" : 0,
        "bw_max" : 0,
        "bw_agg" : 0.000000,
        "bw_mean" : 0.000000,
        "bw_dev" : 0.000000,
        "bw_samples" : 0,
        "iops_min" : 0,
        "iops_max" : 0,
        "iops_mean" : 0.000000,
        "iops_stddev" : 0.000000,
        "iops_samples" : 0
      },
      "sync" : {
        "total_ios" : 0,
        "lat_ns" : {
          "min" : 0,
          "max" : 0,
          "mean" : 0.000000,
          "stddev" : 0.000000,
          "N" : 0
        }
      },
      "job_runtime" : 10000,
      "usr_cpu" : 11.020000,
      "sys_cpu" : 75.280000,
      "ctx" : 133539,
      "majf" : 0,
      "minf" : 17,
      "iodepth_level" : {
        "1" : 0.100000,
        "2" : 0.100000,
        "4" : 99.998850,
        "8" : 0.000000,
        "16" : 0.000000,
        "32" : 0.000000,
        ">=64" : 0.000000
      },
      "iodepth_submit" : {
        "0" : 0.000000,
        "4" : 100.000000,
        "8" : 0.000000,
        "16" : 0.000000,
        "32" : 0.000000,
        "64" : 0.000000,
        ">=64" : 0.000000
      },
      "iodepth_complete" : {
        "0" : 0.000000,
        "4" : 100.000000,
        "8" : 0.000000,
        "16" : 0.000000,
        "32" : 0.000000,
        "64" : 0.000000,
        ">=64" : 0.000000
      },
      "latency_ns" : {
        "2" : 0.000000,
        "4" : 0.000000,
        "10" : 0.000000,
        "20" : 0.000000,
        "50" : 0.000000,
        "100" : 0.000000,
        "250" : 0.000000,
        "500" : 0.000000,
        "750" : 0.000000,
        "1000" : 0.000000
      },
      "latency_us" : {
        "2" : 0.000000,
        "4" : 0.000000,
        "10" : 0.000000,
        "20" : 0.000000,
        "50" : 0.000000,
        "100" : 9.071318,
        "250" : 90.863495,
        "500" : 0.034894,
        "750" : 0.021090,
        "1000" : 0.010000
      },
      "latency_ms" : {
        "2" : 0.000000,
        "4" : 0.000000,
        "10" : 0.000000,
        "20" : 0.000000,
        "50" : 0.000000,
        "100" : 0.000000,
        "250" : 0.000000,
        "500" : 0.000000,
        "750" : 0.000000,
        "1000" : 0.000000,
        "2000" : 0.000000,
        ">=2000" : 0.000000
      },
      "latency_depth" : 4,
      "latency_target" : 0,
      "latency_percentile" : 100.000000,
      "latency_window" : 0
    }
  ],
  "disk_util" : [
    {
      "name" : "sda",
      "read_ios" : 260640,
      "write_ios" : 0,
      "read_sectors" : 2085120,
      "write_sectors" : 0,
      "read_merges" : 0,
      "write_merges" : 0,
      "read_ticks" : 33868,
      "write_ticks" : 0,
      "in_queue" : 33868,
      "util" : 60.065418
    }
  ]
}
